l_english:
 RELIGION_LOC_PLACEHOLDER:0 "#D PLACEHOLDER!#!"

 #Holy Sites: cdr
 holy_site_athens_name:0 "Athens"
 holy_site_athens_effect_name:0 "From [holy_site|E] #weak ($holy_site_athens_name$)#!"
 holy_site_emesa_name:0 "Emesa"
 holy_site_emesa_effect_name:0 "From [holy_site|E] #weak ($holy_site_emesa_name$)#!"
 holy_site_shiraz_name:0 "Shiraz"
 holy_site_shiraz_effect_name:0 "From [holy_site|E] #weak ($holy_site_shiraz_name$)#!"
 holy_site_shiraz_effects:0 "County Conversion Speed: #P +5%#!" 

 #New
 holy_site_cumae_name:0 "Cumae"
 holy_site_cumae_effect_name:0 "From [holy_site|E] #weak ($holy_site_cumae_name$)#!"

 holy_site_paestum_name:0 "Paestum"
 holy_site_paestum_effect_name:0 "From [holy_site|E] #weak ($holy_site_paestum_name$)#!"
 
 holy_site_delphi_name:0 "Delphi"
 holy_site_delphi_effect_name:0 "From [holy_site|E] #weak ($holy_site_delphi_name$)#!"
 holy_site_delphi_effects:0 "County Conversion Speed: #P +20%#!"

 holy_site_agrigento_name:0 "Agrigento"
 holy_site_agrigento_effect_name:0 "From [holy_site|E] #weak ($holy_site_agrigento_name$)#!"

 holy_site_syracusai_name:0 "Syracusai"
 holy_site_syracusai_effect_name:0 "From [holy_site|E] #weak ($holy_site_syracusai_name$)#!"

 holy_site_sofia_name:0 "Sofia"
 holy_site_sofia_effect_name:0 "From [holy_site|E] #weak ($holy_site_sofia_name$)#!"

 holy_site_palmyra_name:0 "Palmyra"
 holy_site_palmyra_effect_name:0 "From [holy_site|E] #weak ($holy_site_palmyra_name$)#!"



 holy_site_heliopolis_name:0 "Heliopolis"
 holy_site_heliopolis_effect_name:0 "From [holy_site|E] #weak ($holy_site_heliopolis_name$)#!"
 holy_site_heliopolis_effects:0 "County Conversion Speed: #P +10%#!"

 holy_site_carthage_name:0 "Carthage"
 holy_site_carthage_effect_name:0 "From [holy_site|E] #weak ($holy_site_carthage_name$)#!"

 holy_site_ravenna_name:0 "Ravenna"
 holy_site_ravenna_effect_name:0 "From [holy_site|E] #weak ($holy_site_ravenna_name$)#!"
 holy_site_ravenna_effects:0 "County Conversion Speed: #P +20%#!"

 holy_site_giza_name:0 "Giza"
 holy_site_giza_effect_name:0 "From [holy_site|E] #weak ($holy_site_giza_name$)#!"
 holy_site_giza_effects:0 "County Conversion Speed: #P +10%#!"
 
 #Holy Sites: Gaelic polytheism
 holy_site_dublin_name:0 "Teamhair"
 holy_site_dublin_effect_name:0 "From [holy_site|E] #weak ($holy_site_dublin_name$)#!"

 holy_site_lough_gur_name:0 "Lough Gur"
 holy_site_lough_gur_effect_name:0 "From [holy_site|E]"

 holy_site_ailech_name:0 "Ailech"
 holy_site_ailech_effect_name:0 "From [holy_site|E] #weak ($holy_site_ailech_name$)#!"
 holy_site_ailech_effects:0 "County Conversion Speed: #P +5%#!"
 
 holy_site_isle_of_man_name:0 "Isle of Man"
 holy_site_isle_of_man_effect_name:0 "From [holy_site|E] #weak ($holy_site_isle_of_man_name$)#!"

 holy_site_gowrie_name:0 "Gowrie"
 holy_site_gowrie_effect_name:0 "From [holy_site|E] #weak ($holy_site_gowrie_name$)#!"

 #Holy Sites: Brythonic polytheism 
 holy_site_cornwall_name:0 "Cornwall"
 holy_site_cornwall_effect_name:0 "From [holy_site|E] #weak ($holy_site_cornwall_name$)#!"

 holy_site_caernarfonshire_name:0 "Eryri"
 holy_site_caernarfonshire_effects:0 "County Conversion Speed: #P +20%#!"

#  holy_site_glammorgan_name:0 "Glammorgan"
#  holy_site_glammorgan_effect_name:0 "From [holy_site|E] #weak ($holy_site_glammorgan_name$)#!"
 holy_site_bath_name:0 "Bath"
 holy_site_bath_effect_name:0 "From [holy_site|E] #weak ($holy_site_bath_name$)#!"

 holy_site_puy_de_dome_name:0 "Puy de Dôme"
 holy_site_puy_de_dome_effect_name:0 "From [holy_site|E] #weak ($holy_site_puy_de_dome_name$)#!"

 holy_site_carnutes_name:0 "Carnutes"
 holy_site_carnutes_effect_name:0 "From [holy_site|E] #weak ($holy_site_carnutes_name$)#!"

 holy_site_vannes_name:0 "Vannes"
 holy_site_vannes_effect_name:0 "From [holy_site|E] #weak ($holy_site_vannes_name$)#!"

 holy_site_wiltshire_name:0 "Stonehenge"
 holy_site_wiltshire_effect_name:0 "From [holy_site|E] #weak ($holy_site_wiltshire_name$)#!"

 holy_site_anglesey_name:0 "Ynys Mon"
 holy_site_anglesey_effect_name:0 "From [holy_site|E] #weak ($holy_site_anglesey_name$)#!"

 #Holy Sites: Gaulish polytheism
 holy_site_ile_de_france_name:0 "Ile de France"
 holy_site_ile_de_france_effect_name:0 "From [holy_site|E] #weak ($holy_site_ile_de_france_name$)#!"
 holy_site_ile_de_france_effects:0 "County Conversion Speed: #P +20%#!"

 holy_site_aachen_name:0 "Aachen"
 holy_site_aachen_effect_name:0 "From [holy_site|E] #weak ($holy_site_aachen_name$)#!"" 

 holy_site_montpellier_name:0 "Montpellier"
 holy_site_montpellier_effect_name:0 "From [holy_site|E] #weak ($holy_site_montpellier_name$)#!"

 #Holy sites: Celtic Iberian polytheism
 holy_site_astorga_name:0 "Astorga"
 holy_site_astorga_effect_name:0 "From [holy_site|E] #weak ($holy_site_astorga_name$)#!"
 holy_site_astorga_effects:0 "County Conversion Speed: #P +20%#!"

 holy_site_lisboa_name:0 "Lisboa"
 holy_site_lisboa_effect_name:0 "From [holy_site|E] #weak ($holy_site_lisboa_name$)#!"
 holy_site_lisboa_effects:0 "County Conversion Speed: #P +5%#!"

 holy_site_toledo_name:0 "Toledo"
 holy_site_toledo_effect_name:0 "From [holy_site|E] #weak ($holy_site_toledo_name$)#!"

 holy_site_zaragoza_name:0 "Zaragoza"
 holy_site_zaragoza_effect_name:0 "From [holy_site|E] #weak ($holy_site_zaragoza_name$)#!"

 #Holy sites: Punic Polytheism
 holy_site_sidon_name:0 "Sidon"
 holy_site_sidon_effect_name:0 "From [holy_site|E] #weak ($holy_site_sidon_name$)#!"
 holy_site_sidon_effects:0 "County Conversion Speed: #P +20%#!"

 holy_site_tyre_name:0 "Tyre"
 holy_site_tyre_effect_name:0 "From [holy_site|E] #weak ($holy_site_tyre_name$)#!"

 holy_site_cartagena_name:0 "Cartagena"
 holy_site_cartagena_effect_name:0 "From [holy_site|E] #weak ($holy_site_cartagena_name$)#!"

 holy_site_palermo_name:0 "Palermo"
 holy_site_palermo_effect_name:0 "From [holy_site|E]
 holy_site_nicosia_name:0 "Nicosia"
 holy_site_nicosia_effect_name:0 "From [holy_site|E]


 #Etruscan Polytheism
 holy_site_arezzo_name:0 "Arezzo"
 holy_site_arezzo_effect_name:0 "From [holy_site|E] #weak ($holy_site_arezzo_name$)#!"
 holy_site_arezzo_effects:0 "County Conversion Speed: #P +20%#!"

 holy_site_fufluna_name:0 "Fufluna"
 holy_site_fufluna_effect_name:0 "From [holy_site|E] #weak ($holy_site_fufluna_name$)#!"

 holy_site_hofgeismar_name:0 "Hofgeismar"
 holy_site_hofgeismar_effect_name:0 "From [holy_site|E]"

 holy_site_augsburg_name:0 "Augsburg"
 holy_site_augsburg_effect_name:0 "From [holy_site|E]"
 #Mesopotamian
 holy_site_ur_name:0 "Ur"
 holy_site_ur_effect_name:0 "From [holy_site|E]"
 holy_site_ur_effects:0 "County Conversion Speed: #P +20%#!"

 holy_site_ninive_name:0 "Ninive"
 holy_site_ninive_effect_name:0 "From [holy_site|E] #weak ($holy_site_ninive_name$)#!"

 holy_site_wassukanni_name:0 "Waššukanni"
 holy_site_wassukanni_effect_name:0 "From [holy_site|E]"

 holy_site_susa_name:0 "Susa"
 holy_site_susa_effect_name:0 "From [holy_site|E]"

 #Sumerian
 holy_site_nippur_name:0 "Nippur"
 holy_site_nippur_effect_name:0 "From [holy_site|E]"

 holy_site_susa_name:0 "Susa"
 holy_site_susa_effect_name:0 "From [holy_site|E]"

 holy_site_lagash_name:0 "Lagash"
 holy_site_lagash_effect_name:0 "From [holy_site|E]"

 holy_site_uruk_name:0 "Uruk"
 holy_site_uruk_effect_name:0 "From [holy_site|E]"

 holy_site_kish_name:0 "Kish"
 holy_site_kish_effect_name:0 "From [holy_site|E] #weak ($holy_site_ebla_name$)#!"

 holy_site_ebla_name:0 "Ebla"
 holy_site_ebla_effect_name:0 "From [holy_site|E] #weak ($holy_site_ebla_name$)#!"

 holy_site_sarmizegetusa_name:0 "Sarmizegetusa"
 holy_site_sarmizegetusa_effect_name:0 "From [holy_site|E] #weak ($holy_site_ebla_name$)#!"

 holy_site_aidava_name:0 "Aidava"
 holy_site_aidava_effect_name:0 "From [holy_site|E]"

 holy_site_capidava_name:0 "Capidava"
 holy_site_capidava_effect_name:0 "From [holy_site|E]"

 holy_site_zargidava_name:0 "Zargidava"
 holy_site_zargidava_effect_name:0 "From [holy_site|E]"
 
 holy_site_philippopolis_name:0 "Philippopolis"
 holy_site_philippopolis_effect_name:0 "From [holy_site|E]"

  #Georgian
 holy_site_mtskheta_name:0 "Mtskheta"
 holy_site_mtskheta_effect_name:0 "From [holy_site|E]"
 
 holy_site_dvin_name:0 "Dvin"
 holy_site_dvin_effect_name:0 "From [holy_site|E]"
 
 holy_site_kutaisi_name:0 "Kutaisi"
 holy_site_kutaisi_effect_name:0 "From [holy_site|E]"

 holy_site_tortomi_name:0 "Tortomi"
 holy_site_tortomi_effect_name:0 "From [holy_site|E] #weak ($holy_site_tortomi_name$)#!"

 holy_site_hereti_name:0 "Hereti"
 holy_site_hereti_effect_name:0 "From [holy_site|E]"


 #Illyrian
 holy_site_dyrrachion_name:0 "Dyrrachion"
 holy_site_dyrrachion_effect_name:0 "From [holy_site|E]"

 holy_site_split_name:0 "Split"
 holy_site_split_effect_name:0 "From [holy_site|E]"

 holy_site_venice_name:0 "Venice"
 holy_site_venice_effect_name:0 "From [holy_site|E]"

 #holy sites anglo saxon
 holy_site_london_name:0 "London"
 holy_site_london_effect_name:0 "From [holy_site|E] #weak ($holy_site_buthrotum_name$)#!"
 
 holy_site_suffolk_name:0 "Suffolk"
 holy_site_suffolk_effect_name:0 "From [holy_site|E]"

 holy_site_devon_name:0 "Devon"
 holy_site_devon_effect_name:0 "From [holy_site|E]"

 holy_site_york_name:0 "York"
 holy_site_york_effect_name:0 "From [holy_site|E]"

 holy_site_oxford_name:0 "Oxford"
 holy_site_oxford_effect_name:0 "From [holy_site|E] #weak ($holy_site_oxford_name$)#!"
 holy_site_oxford_effects:0 "County Conversion Speed: #P +20%#!"

 #Macenaean
 holy_site_chandax_name:0 "Chandax"
 holy_site_chandax_effect_name:0 "From [holy_site|E]"

 holy_site_troy_name:0 "Troy"
 holy_site_troy_effect_name:0 "From [holy_site|E]"

 holy_site_corinth_name:0 "Corinth"
 holy_site_corinth_effect_name:0 "From [holy_site|E] #weak ($holy_site_corinth_name$)#!"
 holy_site_corinth_effects:0 "County Conversion Speed: #P +20%#!"


 holy_site_cilicia_name:0 "Cilicia"
 holy_site_cilicia_effect_name:0 "From [holy_site|E]"

 holy_site_hattusha_name:0 "Hattusha"
 holy_site_hattusha_effect_name:0 "From [holy_site|E]"

 #Scythian 
 
 holy_site_tyras_name:0 "Tyras"
 
 holy_site_kalos_limen_name:0 "Kalos Limen"
 
 holy_site_dionysopolis_name:0 "Dionysopolis"
 holy_site_kremnoi_name:0 "Kremnoi"

 #Illyrian
 holy_site_arduba_name:0 "Arduba"
 holy_site_delminium_name:0 "Delminium"
 holy_site_segestica_name:0 "Segestica"

 #Baltic
 #Holy Sites: Latvian
 holy_site_aglona_name:0 "Aglona" #ancient settlement, mythical place of Mindaugas death
 holy_site_aglona_effect_name:0 "From [holy_site|E] #weak ($holy_site_aglona_name$)#!"
 holy_site_elkukalni_name:0 "Elku Kalni" #ancestral hills
 holy_site_elkukalni_effect_name:0 "From [holy_site|E] #weak ($holy_site_elkukalni_name$)#!"
 holy_site_pokaini_name:0 "Pokaiņu Mežs" #ancestral forest
 holy_site_pokaini_effect_name:0 "From [holy_site|E] #weak ($holy_site_pokaini_name$)#!"
 holy_site_stelmuze_name:0 "Stelmužė" #oldest oak in region
 holy_site_stelmuze_effect_name:0 "From [holy_site|E] #weak ($holy_site_stelmuze_name$)#!"

 #Holy Sites: Lithuanian
 holy_site_kukaveitis_name:0 "Kukaveitis" #ancestral cremation site
 holy_site_kukaveitis_effect_name:0 "From [holy_site|E] #weak ($holy_site_kukaveitis_name$)#!"
 holy_site_palemono_kalnas_name:0 "Palemono Kalnas" #birthplace of Palemon dynasty
 holy_site_palemono_kalnas_effect_name:0 "From [holy_site|E] #weak ($holy_site_palemono_kalnas_name$)#!"

 #Holy Sites: Prussian
 holy_site_rambynas_name:0 "Rambynas" #Skalvian spiritual center at Ramigė
 holy_site_rambynas_effect_name:0 "From [holy_site|E] #weak ($holy_site_rambynas_name$)#!"
 holy_site_romowe_name:0 "Romowe"
 holy_site_romowe_effect_name:0 "From [holy_site|E] #weak ($holy_site_romowe_name$)#!"


 holy_site_ebora_name:0 "Ebora" 
 holy_site_ebora_effect_name:0 "From [holy_site|E] #weak ($holy_site_ebora_name$)#!"

 holy_site_caesarobriga_name:0 "Caaesarobriga"
 holy_site_caesarobriga_effect_name:0 "From [holy_site|E] #weak ($holy_site_caesarobriga_name$)#!"

 holy_site_emerita_name:0 "Emerita" 
 holy_site_emerita_effect_name:0 "From [holy_site|E] #weak ($holy_site_emerita_name$)#!"

 holy_site_olisipo_name:0 "Olisipo"

